{
  "project_info": {
    "project_number": "741726159269",
    "firebase_url": "https://android-project-d82ce.firebaseio.com",
    "project_id": "android-project-d82ce",
    "storage_bucket": "android-project-d82ce.appspot.com"
  },
  "client": [
    {
      "client_info": {
        "mobilesdk_app_id": "1:741726159269:android:c8c23fa64fa04572c3284c",
        "android_client_info": {
          "package_name": "com.example.firebaseproject"
        }
      },
      "oauth_client": [
        {
          "client_id": "741726159269-1pdnd50shq53nbu1av3o8unqggmgpojp.apps.googleusercontent.com",
          "client_type": 3
        }
      ],
      "api_key": [
        {
          "current_key": "AIzaSyAAYDT7CLs_1OWOo7SEJDryrZYF8Bq4o1c"
        }
      ],
      "services": {
        "appinvite_service": {
          "other_platform_oauth_client": [
            {
              "client_id": "741726159269-1pdnd50shq53nbu1av3o8unqggmgpojp.apps.googleusercontent.com",
              "client_type": 3
            }
          ]
        }
      }
    }
  ],
  "configuration_version": "1"
}