{
  "project_info": {
    "project_number": "1064159138530",
    "firebase_url": "https://led-project2.firebaseio.com",
    "project_id": "led-project2",
    "storage_bucket": "led-project2.appspot.com"
  },
  "client": [
    {
      "client_info": {
        "mobilesdk_app_id": "1:1064159138530:android:77d03cfa6a28f8384404bb",
        "android_client_info": {
          "package_name": "com.example.firebaseled"
        }
      },
      "oauth_client": [
        {
          "client_id": "1064159138530-cdc47j9jcg75b0vdcnm094heo4hjtsl2.apps.googleusercontent.com",
          "client_type": 3
        }
      ],
      "api_key": [
        {
          "current_key": "AIzaSyDCcPRbhK12EBgPctDmGRIlVDPXDYBTw3A"
        }
      ],
      "services": {
        "appinvite_service": {
          "other_platform_oauth_client": [
            {
              "client_id": "1064159138530-cdc47j9jcg75b0vdcnm094heo4hjtsl2.apps.googleusercontent.com",
              "client_type": 3
            }
          ]
        }
      }
    },
    {
      "client_info": {
        "mobilesdk_app_id": "1:1064159138530:android:4e534f45cd46dd8c4404bb",
        "android_client_info": {
          "package_name": "com.example.firebaseproject"
        }
      },
      "oauth_client": [
        {
          "client_id": "1064159138530-cdc47j9jcg75b0vdcnm094heo4hjtsl2.apps.googleusercontent.com",
          "client_type": 3
        }
      ],
      "api_key": [
        {
          "current_key": "AIzaSyDCcPRbhK12EBgPctDmGRIlVDPXDYBTw3A"
        }
      ],
      "services": {
        "appinvite_service": {
          "other_platform_oauth_client": [
            {
              "client_id": "1064159138530-cdc47j9jcg75b0vdcnm094heo4hjtsl2.apps.googleusercontent.com",
              "client_type": 3
            }
          ]
        }
      }
    }
  ],
  "configuration_version": "1"
}